<?xml version="1.0" encoding="UTF-8"?>
<questestinterop xmlns="http://www.imsglobal.org/xsd/ims_qtiasiv1p2">
  <item title="Universal Male Dominance" ident="12315989770091">
    <itemmetadata>
      <qtimetadata>
        <vocabulary uri="imsqtiv1p2_metadata.txt" vocab_type="text/plain" />
        <qtimetadatafield>
          <fieldlabel>qmd_questiontype</fieldlabel>
          <fieldentry>True/false</fieldentry>
        </qtimetadatafield>
      </qtimetadata>
      <qtimetadata>
        <vocabulary uri="webct_imsqti_metadatav1p0.txt" vocab_type="text/plain" />
        <qtimetadatafield>
          <fieldlabel>wct_authorFullName</fieldlabel>
          <fieldentry>Reyes-Foster Beatriz</fieldentry>
        </qtimetadatafield>
        <qtimetadatafield>
          <fieldlabel>wct_usedbyassessment</fieldlabel>
          <fieldentry>Quiz 5Quiz 5 SDS</fieldentry>
        </qtimetadatafield>
        <qtimetadatafield>
          <fieldlabel>wct_questiontype</fieldlabel>
          <fieldentry>WCT_TrueFalse</fieldentry>
        </qtimetadatafield>
        <qtimetadatafield>
          <fieldlabel>wct_questioncategory</fieldlabel>
          <fieldentry>Language and Gender</fieldentry>
        </qtimetadatafield>
        <qtimetadatafield>
          <fieldlabel>wct_authorWebctGlid</fieldlabel>
          <fieldentry>11099131084091</fieldentry>
        </qtimetadatafield>
      </qtimetadata>
    </itemmetadata>
    <presentation>
      <flow>
        <material>
          <mattext xml:space="preserve" label="wct_question_label_1" texttype="TEXT/PLAIN" charset="US-ASCII">Although stereotypes associated with each gender vary from culture to culture, what doesn't vary is the fact that those characteristics associated with males are always considered positive by members of that society. </mattext>
          <matbreak />
        </material>
        <response_lid ident="TF01" rcardinality="Single">
          <render_choice shuffle="Yes">
            <flow_label class="Block">
              <response_label ident="true" rshuffle="No">
                <material>
                  <mat_extension>
                    <webct:localizable_mattext xmlns:webct="http://www.webct.com/vista/assessment" xml:space="preserve" texttype="TEXT/PLAIN" charset="US-ASCII">true</webct:localizable_mattext>
                  </mat_extension>
                </material>
              </response_label>
            </flow_label>
            <flow_label class="Block">
              <response_label ident="false" rshuffle="No">
                <material>
                  <mat_extension>
                    <webct:localizable_mattext xmlns:webct="http://www.webct.com/vista/assessment" xml:space="preserve" texttype="TEXT/PLAIN" charset="US-ASCII">false</webct:localizable_mattext>
                  </mat_extension>
                </material>
              </response_label>
            </flow_label>
          </render_choice>
        </response_lid>
      </flow>
    </presentation>
    <resprocessing>
      <outcomes>
        <decvar vartype="Decimal" varname="SCORE" />
      </outcomes>
      <respcondition continue="No">
        <conditionvar>
          <varequal respident="TF01" case="Yes">true</varequal>
        </conditionvar>
        <setvar varname="SCORE" action="Set">100</setvar>
      </respcondition>
    </resprocessing>
  </item>
</questestinterop>

