<?xml version="1.0" encoding="UTF-8"?>
<questestinterop xmlns="http://www.imsglobal.org/xsd/ims_qtiasiv1p2">
  <item title="Kros" ident="12315759662091">
    <itemmetadata>
      <qtimetadata>
        <vocabulary uri="imsqtiv1p2_metadata.txt" vocab_type="text/plain" />
        <qtimetadatafield>
          <fieldlabel>qmd_questiontype</fieldlabel>
          <fieldentry>FIB-string</fieldentry>
        </qtimetadatafield>
      </qtimetadata>
      <qtimetadata>
        <vocabulary uri="webct_imsqti_metadatav1p0.txt" vocab_type="text/plain" />
        <qtimetadatafield>
          <fieldlabel>wct_answer_text1</fieldlabel>
          <fieldentry>kros</fieldentry>
        </qtimetadatafield>
        <qtimetadatafield>
          <fieldlabel>wct_allowedInBox2</fieldlabel>
          <fieldentry>1</fieldentry>
        </qtimetadatafield>
        <qtimetadatafield>
          <fieldlabel>wct_fib_answerBoxWidth</fieldlabel>
          <fieldentry>30</fieldentry>
        </qtimetadatafield>
        <qtimetadatafield>
          <fieldlabel>wct_allowedInBox1</fieldlabel>
          <fieldentry>0</fieldentry>
        </qtimetadatafield>
        <qtimetadatafield>
          <fieldlabel>wct_answer_text2</fieldlabel>
          <fieldentry>Taiap</fieldentry>
        </qtimetadatafield>
        <qtimetadatafield>
          <fieldlabel>wct_value3</fieldlabel>
          <fieldentry>50.0</fieldentry>
        </qtimetadatafield>
        <qtimetadatafield>
          <fieldlabel>wct_allowedInBox3</fieldlabel>
          <fieldentry>1</fieldentry>
        </qtimetadatafield>
        <qtimetadatafield>
          <fieldlabel>wct_value2</fieldlabel>
          <fieldentry>50.0</fieldentry>
        </qtimetadatafield>
        <qtimetadatafield>
          <fieldlabel>wct_sa_answerBoxWidth</fieldlabel>
          <fieldentry>30</fieldentry>
        </qtimetadatafield>
        <qtimetadatafield>
          <fieldlabel>wct_answer_text3</fieldlabel>
          <fieldentry>taiap</fieldentry>
        </qtimetadatafield>
        <qtimetadatafield>
          <fieldlabel>wct_authorFullName</fieldlabel>
          <fieldentry>Reyes-Foster Beatriz</fieldentry>
        </qtimetadatafield>
        <qtimetadatafield>
          <fieldlabel>wct_fib_caseSensitive</fieldlabel>
          <fieldentry>No</fieldentry>
        </qtimetadatafield>
        <qtimetadatafield>
          <fieldlabel>wct_sa_caseSensitive</fieldlabel>
          <fieldentry>No</fieldentry>
        </qtimetadatafield>
        <qtimetadatafield>
          <fieldlabel>wct_comparison_type1</fieldlabel>
          <fieldentry>EQUALS</fieldentry>
        </qtimetadatafield>
        <qtimetadatafield>
          <fieldlabel>wct_value1</fieldlabel>
          <fieldentry>50.0</fieldentry>
        </qtimetadatafield>
        <qtimetadatafield>
          <fieldlabel>wct_comparison_type2</fieldlabel>
          <fieldentry>EQUALS</fieldentry>
        </qtimetadatafield>
        <qtimetadatafield>
          <fieldlabel>wct_questiontype</fieldlabel>
          <fieldentry>WCT_FillInTheBlank</fieldentry>
        </qtimetadatafield>
        <qtimetadatafield>
          <fieldlabel>wct_comparison_type3</fieldlabel>
          <fieldentry>EQUALS</fieldentry>
        </qtimetadatafield>
        <qtimetadatafield>
          <fieldlabel>wct_questioncategory</fieldlabel>
          <fieldentry>Language and Gender</fieldentry>
        </qtimetadatafield>
        <qtimetadatafield>
          <fieldlabel>wct_fib_questionText</fieldlabel>
          <fieldentry>In Papua New Guinea, a [kros] is an angry monologue performed almost exclusively by women in [Taiap], the local language which is going extinct.</fieldentry>
        </qtimetadatafield>
        <qtimetadatafield>
          <fieldlabel>wct_sa_answerBoxNumber</fieldlabel>
          <fieldentry>1</fieldentry>
        </qtimetadatafield>
        <qtimetadatafield>
          <fieldlabel>wct_usedbyassessment</fieldlabel>
          <fieldentry>Practice TestQuiz 5Quiz 5 SDS</fieldentry>
        </qtimetadatafield>
        <qtimetadatafield>
          <fieldlabel>wct_authorWebctGlid</fieldlabel>
          <fieldentry>11099131084091</fieldentry>
        </qtimetadatafield>
      </qtimetadata>
    </itemmetadata>
    <presentation>
      <flow>
        <material>
          <mattext xml:space="preserve" label="wct_fib_questionTextType" texttype="TEXT/PLAIN" charset="US-ASCII">In Papua New Guinea, a </mattext>
        </material>
        <response_str ident="FIB01" rtiming="No" rcardinality="Single">
          <render_fib charset="US-ASCII" encoding="UTF-8" fibtype="String" prompt="Box" rows="1" columns="30" maxchars="200" maxnumber="1" minnumber="1">
            <response_label ident="A1" rshuffle="No" />
          </render_fib>
        </response_str>
        <material>
          <mattext xml:space="preserve" label="wct_fib_questionTextType" texttype="TEXT/PLAIN" charset="US-ASCII"> is an angry monologue performed almost exclusively by women in </mattext>
        </material>
        <response_str ident="FIB02" rtiming="No" rcardinality="Single">
          <render_fib charset="US-ASCII" encoding="UTF-8" fibtype="String" prompt="Box" rows="1" columns="30" maxchars="200" maxnumber="1" minnumber="1">
            <response_label ident="A2" rshuffle="No" />
          </render_fib>
        </response_str>
        <material>
          <mattext xml:space="preserve" label="wct_fib_questionTextType" texttype="TEXT/PLAIN" charset="US-ASCII">, the local language which is going extinct.</mattext>
        </material>
      </flow>
    </presentation>
    <resprocessing>
      <outcomes>
        <decvar vartype="Decimal" varname="SCORE" defaultval="0.0" />
      </outcomes>
      <respcondition continue="No">
        <conditionvar>
          <varequal respident="FIB02" case="No">Taiap</varequal>
        </conditionvar>
        <setvar varname="SCORE" action="Add">50.0</setvar>
      </respcondition>
      <respcondition continue="No">
        <conditionvar>
          <varequal respident="FIB02" case="No">taiap</varequal>
        </conditionvar>
        <setvar varname="SCORE" action="Add">50.0</setvar>
      </respcondition>
    </resprocessing>
    <resprocessing>
      <outcomes>
        <decvar vartype="Decimal" varname="SCORE" defaultval="0.0" />
      </outcomes>
      <respcondition continue="No">
        <conditionvar>
          <varequal respident="FIB01" case="No">kros</varequal>
        </conditionvar>
        <setvar varname="SCORE" action="Add">50.0</setvar>
      </respcondition>
    </resprocessing>
  </item>
</questestinterop>

