<?xml version="1.0" encoding="UTF-8"?>
<questestinterop xmlns="http://www.imsglobal.org/xsd/ims_qtiasiv1p2">
  <item title="Sex and Gender" ident="12254953689171">
    <itemmetadata>
      <qtimetadata>
        <vocabulary uri="imsqtiv1p2_metadata.txt" vocab_type="text/plain" />
        <qtimetadatafield>
          <fieldlabel>qmd_questiontype</fieldlabel>
          <fieldentry>FIB-string</fieldentry>
        </qtimetadatafield>
      </qtimetadata>
      <qtimetadata>
        <vocabulary uri="webct_imsqti_metadatav1p0.txt" vocab_type="text/plain" />
        <qtimetadatafield>
          <fieldlabel>wct_answer_text1</fieldlabel>
          <fieldentry>biology</fieldentry>
        </qtimetadatafield>
        <qtimetadatafield>
          <fieldlabel>wct_value5</fieldlabel>
          <fieldentry>50.0</fieldentry>
        </qtimetadatafield>
        <qtimetadatafield>
          <fieldlabel>wct_value4</fieldlabel>
          <fieldentry>50.0</fieldentry>
        </qtimetadatafield>
        <qtimetadatafield>
          <fieldlabel>wct_answer_text2</fieldlabel>
          <fieldentry>biological</fieldentry>
        </qtimetadatafield>
        <qtimetadatafield>
          <fieldlabel>wct_value3</fieldlabel>
          <fieldentry>50.0</fieldentry>
        </qtimetadatafield>
        <qtimetadatafield>
          <fieldlabel>wct_value2</fieldlabel>
          <fieldentry>50.0</fieldentry>
        </qtimetadatafield>
        <qtimetadatafield>
          <fieldlabel>wct_answer_text5</fieldlabel>
          <fieldentry>socially constructed</fieldentry>
        </qtimetadatafield>
        <qtimetadatafield>
          <fieldlabel>wct_answer_text3</fieldlabel>
          <fieldentry>culture</fieldentry>
        </qtimetadatafield>
        <qtimetadatafield>
          <fieldlabel>wct_answer_text4</fieldlabel>
          <fieldentry>cultural</fieldentry>
        </qtimetadatafield>
        <qtimetadatafield>
          <fieldlabel>wct_fib_caseSensitive</fieldlabel>
          <fieldentry>No</fieldentry>
        </qtimetadatafield>
        <qtimetadatafield>
          <fieldlabel>wct_authorFullName</fieldlabel>
          <fieldentry>Reyes-Foster Beatriz</fieldentry>
        </qtimetadatafield>
        <qtimetadatafield>
          <fieldlabel>wct_sa_caseSensitive</fieldlabel>
          <fieldentry>No</fieldentry>
        </qtimetadatafield>
        <qtimetadatafield>
          <fieldlabel>wct_value1</fieldlabel>
          <fieldentry>50.0</fieldentry>
        </qtimetadatafield>
        <qtimetadatafield>
          <fieldlabel>wct_allowedInBox5</fieldlabel>
          <fieldentry>1</fieldentry>
        </qtimetadatafield>
        <qtimetadatafield>
          <fieldlabel>wct_fib_questionText</fieldlabel>
          <fieldentry>Traditionally, scholars have clarified the difference between sex and gender by stating that sex = [biology] and gender = [culture].</fieldentry>
        </qtimetadatafield>
        <qtimetadatafield>
          <fieldlabel>wct_authorWebctGlid</fieldlabel>
          <fieldentry>11099131084091</fieldentry>
        </qtimetadatafield>
        <qtimetadatafield>
          <fieldlabel>wct_allowedInBox2</fieldlabel>
          <fieldentry>0</fieldentry>
        </qtimetadatafield>
        <qtimetadatafield>
          <fieldlabel>wct_fib_answerBoxWidth</fieldlabel>
          <fieldentry>30</fieldentry>
        </qtimetadatafield>
        <qtimetadatafield>
          <fieldlabel>wct_allowedInBox1</fieldlabel>
          <fieldentry>0</fieldentry>
        </qtimetadatafield>
        <qtimetadatafield>
          <fieldlabel>wct_allowedInBox4</fieldlabel>
          <fieldentry>1</fieldentry>
        </qtimetadatafield>
        <qtimetadatafield>
          <fieldlabel>wct_allowedInBox3</fieldlabel>
          <fieldentry>1</fieldentry>
        </qtimetadatafield>
        <qtimetadatafield>
          <fieldlabel>wct_sa_answerBoxWidth</fieldlabel>
          <fieldentry>30</fieldentry>
        </qtimetadatafield>
        <qtimetadatafield>
          <fieldlabel>wct_comparison_type5</fieldlabel>
          <fieldentry>EQUALS</fieldentry>
        </qtimetadatafield>
        <qtimetadatafield>
          <fieldlabel>wct_comparison_type1</fieldlabel>
          <fieldentry>EQUALS</fieldentry>
        </qtimetadatafield>
        <qtimetadatafield>
          <fieldlabel>wct_questiontype</fieldlabel>
          <fieldentry>WCT_FillInTheBlank</fieldentry>
        </qtimetadatafield>
        <qtimetadatafield>
          <fieldlabel>wct_comparison_type2</fieldlabel>
          <fieldentry>EQUALS</fieldentry>
        </qtimetadatafield>
        <qtimetadatafield>
          <fieldlabel>wct_questioncategory</fieldlabel>
          <fieldentry>Language and Gender</fieldentry>
        </qtimetadatafield>
        <qtimetadatafield>
          <fieldlabel>wct_comparison_type3</fieldlabel>
          <fieldentry>EQUALS</fieldentry>
        </qtimetadatafield>
        <qtimetadatafield>
          <fieldlabel>wct_comparison_type4</fieldlabel>
          <fieldentry>EQUALS</fieldentry>
        </qtimetadatafield>
        <qtimetadatafield>
          <fieldlabel>wct_sa_answerBoxNumber</fieldlabel>
          <fieldentry>1</fieldentry>
        </qtimetadatafield>
        <qtimetadatafield>
          <fieldlabel>wct_usedbyassessment</fieldlabel>
          <fieldentry>Practice TestQuiz 5Quiz 5 SDS</fieldentry>
        </qtimetadatafield>
      </qtimetadata>
    </itemmetadata>
    <presentation>
      <flow>
        <material>
          <mattext xml:space="preserve" label="wct_fib_questionTextType" texttype="TEXT/PLAIN" charset="US-ASCII">Traditionally, scholars have clarified the difference between sex and gender by stating that sex = </mattext>
        </material>
        <response_str ident="FIB01" rtiming="No" rcardinality="Single">
          <render_fib charset="US-ASCII" encoding="UTF-8" fibtype="String" prompt="Box" rows="1" columns="30" maxchars="200" maxnumber="1" minnumber="1">
            <response_label ident="A1" rshuffle="No" />
          </render_fib>
        </response_str>
        <material>
          <mattext xml:space="preserve" label="wct_fib_questionTextType" texttype="TEXT/PLAIN" charset="US-ASCII"> and gender = </mattext>
        </material>
        <response_str ident="FIB02" rtiming="No" rcardinality="Single">
          <render_fib charset="US-ASCII" encoding="UTF-8" fibtype="String" prompt="Box" rows="1" columns="30" maxchars="200" maxnumber="1" minnumber="1">
            <response_label ident="A2" rshuffle="No" />
          </render_fib>
        </response_str>
        <material>
          <mattext xml:space="preserve" label="wct_fib_questionTextType" texttype="TEXT/PLAIN" charset="US-ASCII">.</mattext>
        </material>
      </flow>
    </presentation>
    <resprocessing>
      <outcomes>
        <decvar vartype="Decimal" varname="SCORE" defaultval="0.0" />
      </outcomes>
      <respcondition continue="No">
        <conditionvar>
          <varequal respident="FIB02" case="No">culture</varequal>
        </conditionvar>
        <setvar varname="SCORE" action="Add">50.0</setvar>
      </respcondition>
      <respcondition continue="No">
        <conditionvar>
          <varequal respident="FIB02" case="No">cultural</varequal>
        </conditionvar>
        <setvar varname="SCORE" action="Add">50.0</setvar>
      </respcondition>
      <respcondition continue="No">
        <conditionvar>
          <varequal respident="FIB02" case="No">socially constructed</varequal>
        </conditionvar>
        <setvar varname="SCORE" action="Add">50.0</setvar>
      </respcondition>
    </resprocessing>
    <resprocessing>
      <outcomes>
        <decvar vartype="Decimal" varname="SCORE" defaultval="0.0" />
      </outcomes>
      <respcondition continue="No">
        <conditionvar>
          <varequal respident="FIB01" case="No">biology</varequal>
        </conditionvar>
        <setvar varname="SCORE" action="Add">50.0</setvar>
      </respcondition>
      <respcondition continue="No">
        <conditionvar>
          <varequal respident="FIB01" case="No">biological</varequal>
        </conditionvar>
        <setvar varname="SCORE" action="Add">50.0</setvar>
      </respcondition>
    </resprocessing>
  </item>
</questestinterop>

