<?xml version="1.0" encoding="UTF-8"?>
<manifest identifier="URN_X-WEBCT-VISTA-V0_af4ac3af-c0a8-334b-01ec-ab4371ddc62c.11662598901061" xmlns="http://www.imsglobal.org/xsd/imscp_v1p1" xmlns:imsmd="http://www.imsglobal.org/xsd/imsmd_v1p2" xmlns:xsi="http://www.w3.org/2001/XMLSchema-instance" xmlns:webct="http://www.webct.com/xsd/cisv3">
    <metadata>
        <schema>webct.cis</schema>
        <schemaversion>3.0.0</schemaversion>
        <webct:SchemaMetaData>
            <webct:Schema webct:name="IMS Content" webct:version="1.1.3"/>
            <webct:Schema webct:name="IMS MetaData" webct:version="1.2.3"/>
        </webct:SchemaMetaData>
        <imsmd:lom>
            <imsmd:general>
                <imsmd:title>
                    <imsmd:langstring xml:lang="en-US">Labov</imsmd:langstring>
                </imsmd:title>
            </imsmd:general>
            <imsmd:lifecycle>
                <imsmd:version>
                    <imsmd:langstring xml:lang="x-none">1.0</imsmd:langstring>
                </imsmd:version>
            </imsmd:lifecycle>
            <imsmd:educational>
                <imsmd:learningresourcetype>
                    <imsmd:source>
                        <imsmd:langstring xml:lang="x-none">WebCT</imsmd:langstring>
                    </imsmd:source>
                    <imsmd:value>
                        <imsmd:langstring xml:lang="x-none">webct.question</imsmd:langstring>
                    </imsmd:value>
                </imsmd:learningresourcetype>
            </imsmd:educational>
        </imsmd:lom>
    </metadata>
    <organizations/>
    <resources>
        <resource identifier="URN_X-WEBCT-VISTA-V0_af4ac3af-c0a8-334b-01ec-ab4371ddc62c.11662598901061_R" type="ims_qtiasiv1p2">
            <file href="X-WEBCT-VISTA-V0/af4ac3af-c0a8-334b-01ec-ab4371ddc62c.11662598901061_R.xml"/>
        </resource>
    </resources>
    <webct:ContentObject webct:coType="webct.question">
        <webct:Name>Labov</webct:Name>
    </webct:ContentObject>
</manifest>
