<?xml version="1.0" encoding="UTF-8"?>
<questestinterop xmlns="http://www.imsglobal.org/xsd/ims_qtiasiv1p2">
  <item title="Chomskyan View of Performance" ident="12086431247161">
    <itemmetadata>
      <qtimetadata>
        <vocabulary uri="imsqtiv1p2_metadata.txt" vocab_type="text/plain" />
        <qtimetadatafield>
          <fieldlabel>qmd_questiontype</fieldlabel>
          <fieldentry>FIB-string</fieldentry>
        </qtimetadatafield>
      </qtimetadata>
      <qtimetadata>
        <vocabulary uri="webct_imsqti_metadatav1p0.txt" vocab_type="text/plain" />
        <qtimetadatafield>
          <fieldlabel>wct_allowedInBox2</fieldlabel>
          <fieldentry>1</fieldentry>
        </qtimetadatafield>
        <qtimetadatafield>
          <fieldlabel>wct_answer_text1</fieldlabel>
          <fieldentry>competence</fieldentry>
        </qtimetadatafield>
        <qtimetadatafield>
          <fieldlabel>wct_fib_answerBoxWidth</fieldlabel>
          <fieldentry>30</fieldentry>
        </qtimetadatafield>
        <qtimetadatafield>
          <fieldlabel>wct_allowedInBox1</fieldlabel>
          <fieldentry>0</fieldentry>
        </qtimetadatafield>
        <qtimetadatafield>
          <fieldlabel>wct_answer_text2</fieldlabel>
          <fieldentry>performance</fieldentry>
        </qtimetadatafield>
        <qtimetadatafield>
          <fieldlabel>wct_value2</fieldlabel>
          <fieldentry>50.0</fieldentry>
        </qtimetadatafield>
        <qtimetadatafield>
          <fieldlabel>wct_sa_answerBoxWidth</fieldlabel>
          <fieldentry>30</fieldentry>
        </qtimetadatafield>
        <qtimetadatafield>
          <fieldlabel>wct_authorFullName</fieldlabel>
          <fieldentry>Reyes-Foster Beatriz</fieldentry>
        </qtimetadatafield>
        <qtimetadatafield>
          <fieldlabel>wct_fib_caseSensitive</fieldlabel>
          <fieldentry>No</fieldentry>
        </qtimetadatafield>
        <qtimetadatafield>
          <fieldlabel>wct_sa_caseSensitive</fieldlabel>
          <fieldentry>No</fieldentry>
        </qtimetadatafield>
        <qtimetadatafield>
          <fieldlabel>wct_comparison_type1</fieldlabel>
          <fieldentry>EQUALS</fieldentry>
        </qtimetadatafield>
        <qtimetadatafield>
          <fieldlabel>wct_value1</fieldlabel>
          <fieldentry>50.0</fieldentry>
        </qtimetadatafield>
        <qtimetadatafield>
          <fieldlabel>wct_questiontype</fieldlabel>
          <fieldentry>WCT_FillInTheBlank</fieldentry>
        </qtimetadatafield>
        <qtimetadatafield>
          <fieldlabel>wct_comparison_type2</fieldlabel>
          <fieldentry>EQUALS</fieldentry>
        </qtimetadatafield>
        <qtimetadatafield>
          <fieldlabel>wct_questioncategory</fieldlabel>
          <fieldentry>Performance and Performativity</fieldentry>
        </qtimetadatafield>
        <qtimetadatafield>
          <fieldlabel>wct_fib_questionText</fieldlabel>
          <fieldentry>According the Chomsky, [competence], the abstract and unconscious knowledge of a language can be contrasted to [performance], the putting into practice of that knowledge.</fieldentry>
        </qtimetadatafield>
        <qtimetadatafield>
          <fieldlabel>wct_sa_answerBoxNumber</fieldlabel>
          <fieldentry>1</fieldentry>
        </qtimetadatafield>
        <qtimetadatafield>
          <fieldlabel>wct_usedbyassessment</fieldlabel>
          <fieldentry>Quiz 4Quiz 4 SDSPractice Test</fieldentry>
        </qtimetadatafield>
        <qtimetadatafield>
          <fieldlabel>wct_authorWebctGlid</fieldlabel>
          <fieldentry>11099131084091</fieldentry>
        </qtimetadatafield>
      </qtimetadata>
    </itemmetadata>
    <presentation>
      <flow>
        <material>
          <mattext xml:space="preserve" label="wct_fib_questionTextType" texttype="TEXT/PLAIN" charset="US-ASCII">According the Chomsky, </mattext>
        </material>
        <response_str ident="FIB01" rtiming="No" rcardinality="Single">
          <render_fib charset="US-ASCII" encoding="UTF-8" fibtype="String" prompt="Box" rows="1" columns="30" maxchars="200" maxnumber="1" minnumber="1">
            <response_label ident="A1" rshuffle="No" />
          </render_fib>
        </response_str>
        <material>
          <mattext xml:space="preserve" label="wct_fib_questionTextType" texttype="TEXT/PLAIN" charset="US-ASCII">, the abstract and unconscious knowledge of a language can be contrasted to </mattext>
        </material>
        <response_str ident="FIB02" rtiming="No" rcardinality="Single">
          <render_fib charset="US-ASCII" encoding="UTF-8" fibtype="String" prompt="Box" rows="1" columns="30" maxchars="200" maxnumber="1" minnumber="1">
            <response_label ident="A2" rshuffle="No" />
          </render_fib>
        </response_str>
        <material>
          <mattext xml:space="preserve" label="wct_fib_questionTextType" texttype="TEXT/PLAIN" charset="US-ASCII">, the putting into practice of that knowledge.</mattext>
        </material>
      </flow>
    </presentation>
    <resprocessing>
      <outcomes>
        <decvar vartype="Decimal" varname="SCORE" defaultval="0.0" />
      </outcomes>
      <respcondition continue="No">
        <conditionvar>
          <varequal respident="FIB02" case="No">performance</varequal>
        </conditionvar>
        <setvar varname="SCORE" action="Add">50.0</setvar>
      </respcondition>
    </resprocessing>
    <resprocessing>
      <outcomes>
        <decvar vartype="Decimal" varname="SCORE" defaultval="0.0" />
      </outcomes>
      <respcondition continue="No">
        <conditionvar>
          <varequal respident="FIB01" case="No">competence</varequal>
        </conditionvar>
        <setvar varname="SCORE" action="Add">50.0</setvar>
      </respcondition>
    </resprocessing>
  </item>
</questestinterop>

