<?xml version="1.0" encoding="UTF-8"?>
<manifest identifier="URN_X-WEBCT-VISTA-V0_af4ac3af-c0a8-334b-01ec-ab4371ddc62c.13002350296051" xmlns="http://www.imsglobal.org/xsd/imscp_v1p1" xmlns:imsmd="http://www.imsglobal.org/xsd/imsmd_v1p2" xmlns:xsi="http://www.w3.org/2001/XMLSchema-instance" xmlns:webct="http://www.webct.com/xsd/cisv3">
    <metadata>
        <schema>webct.cis</schema>
        <schemaversion>3.0.0</schemaversion>
        <webct:SchemaMetaData>
            <webct:Schema webct:name="IMS Content" webct:version="1.1.3"/>
            <webct:Schema webct:name="IMS MetaData" webct:version="1.2.3"/>
        </webct:SchemaMetaData>
        <imsmd:lom>
            <imsmd:general>
                <imsmd:title>
                    <imsmd:langstring xml:lang="en-US">RootContent</imsmd:langstring>
                </imsmd:title>
            </imsmd:general>
            <imsmd:lifecycle>
                <imsmd:version>
                    <imsmd:langstring xml:lang="x-none">1.0</imsmd:langstring>
                </imsmd:version>
            </imsmd:lifecycle>
            <imsmd:educational>
                <imsmd:learningresourcetype>
                    <imsmd:source>
                        <imsmd:langstring xml:lang="x-none">WebCT</imsmd:langstring>
                    </imsmd:source>
                    <imsmd:value>
                        <imsmd:langstring xml:lang="x-none">webct.cis</imsmd:langstring>
                    </imsmd:value>
                </imsmd:learningresourcetype>
            </imsmd:educational>
        </imsmd:lom>
    </metadata>
    <organizations/>
    <resources>
        <resource identifier="URN_X-WEBCT-VISTA-V0_af4ac3af-c0a8-334b-01ec-ab4371ddc62c.11370070876141" type="webct.manifest" webct:coType="webct.question" xsi:type="webct:ResourceType">
            <file href="X-WEBCT-VISTA-V0/af4ac3af-c0a8-334b-01ec-ab4371ddc62c.11370070876141.xml"/>
        </resource>
        <resource identifier="URN_X-WEBCT-VISTA-V0_af4ac3af-c0a8-334b-01ec-ab4371ddc62c.11370086365141" type="webct.manifest" webct:coType="webct.question" xsi:type="webct:ResourceType">
            <file href="X-WEBCT-VISTA-V0/af4ac3af-c0a8-334b-01ec-ab4371ddc62c.11370086365141.xml"/>
        </resource>
        <resource identifier="URN_X-WEBCT-VISTA-V0_af4ac3af-c0a8-334b-01ec-ab4371ddc62c.11370124579141" type="webct.manifest" webct:coType="webct.question" xsi:type="webct:ResourceType">
            <file href="X-WEBCT-VISTA-V0/af4ac3af-c0a8-334b-01ec-ab4371ddc62c.11370124579141.xml"/>
        </resource>
        <resource identifier="URN_X-WEBCT-VISTA-V0_af4ac3af-c0a8-334b-01ec-ab4371ddc62c.11370144537141" type="webct.manifest" webct:coType="webct.question" xsi:type="webct:ResourceType">
            <file href="X-WEBCT-VISTA-V0/af4ac3af-c0a8-334b-01ec-ab4371ddc62c.11370144537141.xml"/>
        </resource>
        <resource identifier="URN_X-WEBCT-VISTA-V0_af4ac3af-c0a8-334b-01ec-ab4371ddc62c.11370144969141" type="webct.manifest" webct:coType="webct.question" xsi:type="webct:ResourceType">
            <file href="X-WEBCT-VISTA-V0/af4ac3af-c0a8-334b-01ec-ab4371ddc62c.11370144969141.xml"/>
        </resource>
        <resource identifier="URN_X-WEBCT-VISTA-V0_af4ac3af-c0a8-334b-01ec-ab4371ddc62c.11662604660061" type="webct.manifest" webct:coType="webct.question" xsi:type="webct:ResourceType">
            <file href="X-WEBCT-VISTA-V0/af4ac3af-c0a8-334b-01ec-ab4371ddc62c.11662604660061.xml"/>
        </resource>
        <resource identifier="URN_X-WEBCT-VISTA-V0_af4ac3af-c0a8-334b-01ec-ab4371ddc62c.11662598901061" type="webct.manifest" webct:coType="webct.question" xsi:type="webct:ResourceType">
            <file href="X-WEBCT-VISTA-V0/af4ac3af-c0a8-334b-01ec-ab4371ddc62c.11662598901061.xml"/>
        </resource>
        <resource identifier="URN_X-WEBCT-VISTA-V0_af4ac3af-c0a8-334b-01ec-ab4371ddc62c.11662604287061" type="webct.manifest" webct:coType="webct.question" xsi:type="webct:ResourceType">
            <file href="X-WEBCT-VISTA-V0/af4ac3af-c0a8-334b-01ec-ab4371ddc62c.11662604287061.xml"/>
        </resource>
        <resource identifier="URN_X-WEBCT-VISTA-V0_af4ac3af-c0a8-334b-01ec-ab4371ddc62c.11665963314051" type="webct.manifest" webct:coType="webct.question" xsi:type="webct:ResourceType">
            <file href="X-WEBCT-VISTA-V0/af4ac3af-c0a8-334b-01ec-ab4371ddc62c.11665963314051.xml"/>
        </resource>
        <resource identifier="URN_X-WEBCT-VISTA-V0_af4ac3af-c0a8-334b-01ec-ab4371ddc62c.12315882191091" type="webct.manifest" webct:coType="webct.question" xsi:type="webct:ResourceType">
            <file href="X-WEBCT-VISTA-V0/af4ac3af-c0a8-334b-01ec-ab4371ddc62c.12315882191091.xml"/>
        </resource>
        <resource identifier="URN_X-WEBCT-VISTA-V0_af4ac3af-c0a8-334b-01ec-ab4371ddc62c.12315759659091" type="webct.manifest" webct:coType="webct.question" xsi:type="webct:ResourceType">
            <file href="X-WEBCT-VISTA-V0/af4ac3af-c0a8-334b-01ec-ab4371ddc62c.12315759659091.xml"/>
        </resource>
        <resource identifier="URN_X-WEBCT-VISTA-V0_af4ac3af-c0a8-334b-01ec-ab4371ddc62c.12315974228091" type="webct.manifest" webct:coType="webct.question" xsi:type="webct:ResourceType">
            <file href="X-WEBCT-VISTA-V0/af4ac3af-c0a8-334b-01ec-ab4371ddc62c.12315974228091.xml"/>
        </resource>
        <resource identifier="URN_X-WEBCT-VISTA-V0_af4ac3af-c0a8-334b-01ec-ab4371ddc62c.12254929494171" type="webct.manifest" webct:coType="webct.question" xsi:type="webct:ResourceType">
            <file href="X-WEBCT-VISTA-V0/af4ac3af-c0a8-334b-01ec-ab4371ddc62c.12254929494171.xml"/>
        </resource>
        <resource identifier="URN_X-WEBCT-VISTA-V0_af4ac3af-c0a8-334b-01ec-ab4371ddc62c.12255063585171" type="webct.manifest" webct:coType="webct.question" xsi:type="webct:ResourceType">
            <file href="X-WEBCT-VISTA-V0/af4ac3af-c0a8-334b-01ec-ab4371ddc62c.12255063585171.xml"/>
        </resource>
        <resource identifier="URN_X-WEBCT-VISTA-V0_af4ac3af-c0a8-334b-01ec-ab4371ddc62c.12254953686171" type="webct.manifest" webct:coType="webct.question" xsi:type="webct:ResourceType">
            <file href="X-WEBCT-VISTA-V0/af4ac3af-c0a8-334b-01ec-ab4371ddc62c.12254953686171.xml"/>
        </resource>
        <resource identifier="URN_X-WEBCT-VISTA-V0_af4ac3af-c0a8-334b-01ec-ab4371ddc62c.12255020896171" type="webct.manifest" webct:coType="webct.question" xsi:type="webct:ResourceType">
            <file href="X-WEBCT-VISTA-V0/af4ac3af-c0a8-334b-01ec-ab4371ddc62c.12255020896171.xml"/>
        </resource>
        <resource identifier="URN_X-WEBCT-VISTA-V0_af4ac3af-c0a8-334b-01ec-ab4371ddc62c.12315784295091" type="webct.manifest" webct:coType="webct.question" xsi:type="webct:ResourceType">
            <file href="X-WEBCT-VISTA-V0/af4ac3af-c0a8-334b-01ec-ab4371ddc62c.12315784295091.xml"/>
        </resource>
        <resource identifier="URN_X-WEBCT-VISTA-V0_af4ac3af-c0a8-334b-01ec-ab4371ddc62c.12315989767091" type="webct.manifest" webct:coType="webct.question" xsi:type="webct:ResourceType">
            <file href="X-WEBCT-VISTA-V0/af4ac3af-c0a8-334b-01ec-ab4371ddc62c.12315989767091.xml"/>
        </resource>
        <resource identifier="URN_X-WEBCT-VISTA-V0_af4ac3af-c0a8-334b-01ec-ab4371ddc62c.12316058558091" type="webct.manifest" webct:coType="webct.question" xsi:type="webct:ResourceType">
            <file href="X-WEBCT-VISTA-V0/af4ac3af-c0a8-334b-01ec-ab4371ddc62c.12316058558091.xml"/>
        </resource>
        <resource identifier="URN_X-WEBCT-VISTA-V0_af4ac3af-c0a8-334b-01ec-ab4371ddc62c.12254953051171" type="webct.manifest" webct:coType="webct.question" xsi:type="webct:ResourceType">
            <file href="X-WEBCT-VISTA-V0/af4ac3af-c0a8-334b-01ec-ab4371ddc62c.12254953051171.xml"/>
        </resource>
        <resource identifier="URN_X-WEBCT-VISTA-V0_af4ac3af-c0a8-334b-01ec-ab4371ddc62c.12086914000161" type="webct.manifest" webct:coType="webct.question" xsi:type="webct:ResourceType">
            <file href="X-WEBCT-VISTA-V0/af4ac3af-c0a8-334b-01ec-ab4371ddc62c.12086914000161.xml"/>
        </resource>
        <resource identifier="URN_X-WEBCT-VISTA-V0_af4ac3af-c0a8-334b-01ec-ab4371ddc62c.12086935742161" type="webct.manifest" webct:coType="webct.question" xsi:type="webct:ResourceType">
            <file href="X-WEBCT-VISTA-V0/af4ac3af-c0a8-334b-01ec-ab4371ddc62c.12086935742161.xml"/>
        </resource>
        <resource identifier="URN_X-WEBCT-VISTA-V0_af4ac3af-c0a8-334b-01ec-ab4371ddc62c.12086853329161" type="webct.manifest" webct:coType="webct.question" xsi:type="webct:ResourceType">
            <file href="X-WEBCT-VISTA-V0/af4ac3af-c0a8-334b-01ec-ab4371ddc62c.12086853329161.xml"/>
        </resource>
        <resource identifier="URN_X-WEBCT-VISTA-V0_af4ac3af-c0a8-334b-01ec-ab4371ddc62c.12086832281161" type="webct.manifest" webct:coType="webct.question" xsi:type="webct:ResourceType">
            <file href="X-WEBCT-VISTA-V0/af4ac3af-c0a8-334b-01ec-ab4371ddc62c.12086832281161.xml"/>
        </resource>
        <resource identifier="URN_X-WEBCT-VISTA-V0_af4ac3af-c0a8-334b-01ec-ab4371ddc62c.11662560608061" type="webct.manifest" webct:coType="webct.question" xsi:type="webct:ResourceType">
            <file href="X-WEBCT-VISTA-V0/af4ac3af-c0a8-334b-01ec-ab4371ddc62c.11662560608061.xml"/>
        </resource>
        <resource identifier="URN_X-WEBCT-VISTA-V0_af4ac3af-c0a8-334b-01ec-ab4371ddc62c.11666208135051" type="webct.manifest" webct:coType="webct.question" xsi:type="webct:ResourceType">
            <file href="X-WEBCT-VISTA-V0/af4ac3af-c0a8-334b-01ec-ab4371ddc62c.11666208135051.xml"/>
        </resource>
        <resource identifier="URN_X-WEBCT-VISTA-V0_af4ac3af-c0a8-334b-01ec-ab4371ddc62c.11666225632051" type="webct.manifest" webct:coType="webct.question" xsi:type="webct:ResourceType">
            <file href="X-WEBCT-VISTA-V0/af4ac3af-c0a8-334b-01ec-ab4371ddc62c.11666225632051.xml"/>
        </resource>
        <resource identifier="URN_X-WEBCT-VISTA-V0_af4ac3af-c0a8-334b-01ec-ab4371ddc62c.11662560280061" type="webct.manifest" webct:coType="webct.question" xsi:type="webct:ResourceType">
            <file href="X-WEBCT-VISTA-V0/af4ac3af-c0a8-334b-01ec-ab4371ddc62c.11662560280061.xml"/>
        </resource>
        <resource identifier="URN_X-WEBCT-VISTA-V0_af4ac3af-c0a8-334b-01ec-ab4371ddc62c.12596850845151" type="webct.manifest" webct:coType="webct.question" xsi:type="webct:ResourceType">
            <file href="X-WEBCT-VISTA-V0/af4ac3af-c0a8-334b-01ec-ab4371ddc62c.12596850845151.xml"/>
        </resource>
        <resource identifier="URN_X-WEBCT-VISTA-V0_af4ac3af-c0a8-334b-01ec-ab4371ddc62c.12597040916151" type="webct.manifest" webct:coType="webct.question" xsi:type="webct:ResourceType">
            <file href="X-WEBCT-VISTA-V0/af4ac3af-c0a8-334b-01ec-ab4371ddc62c.12597040916151.xml"/>
        </resource>
        <resource identifier="URN_X-WEBCT-VISTA-V0_af4ac3af-c0a8-334b-01ec-ab4371ddc62c.12596290829151" type="webct.manifest" webct:coType="webct.question" xsi:type="webct:ResourceType">
            <file href="X-WEBCT-VISTA-V0/af4ac3af-c0a8-334b-01ec-ab4371ddc62c.12596290829151.xml"/>
        </resource>
        <resource identifier="URN_X-WEBCT-VISTA-V0_af4ac3af-c0a8-334b-01ec-ab4371ddc62c.12597050203151" type="webct.manifest" webct:coType="webct.question" xsi:type="webct:ResourceType">
            <file href="X-WEBCT-VISTA-V0/af4ac3af-c0a8-334b-01ec-ab4371ddc62c.12597050203151.xml"/>
        </resource>
        <resource identifier="URN_X-WEBCT-VISTA-V0_af4ac3af-c0a8-334b-01ec-ab4371ddc62c.12597116009151" type="webct.manifest" webct:coType="webct.question" xsi:type="webct:ResourceType">
            <file href="X-WEBCT-VISTA-V0/af4ac3af-c0a8-334b-01ec-ab4371ddc62c.12597116009151.xml"/>
        </resource>
        <resource identifier="URN_X-WEBCT-VISTA-V0_af4ac3af-c0a8-334b-01ec-ab4371ddc62c.12596362397151" type="webct.manifest" webct:coType="webct.question" xsi:type="webct:ResourceType">
            <file href="X-WEBCT-VISTA-V0/af4ac3af-c0a8-334b-01ec-ab4371ddc62c.12596362397151.xml"/>
        </resource>
        <resource identifier="URN_X-WEBCT-VISTA-V0_af4ac3af-c0a8-334b-01ec-ab4371ddc62c.12597050566151" type="webct.manifest" webct:coType="webct.question" xsi:type="webct:ResourceType">
            <file href="X-WEBCT-VISTA-V0/af4ac3af-c0a8-334b-01ec-ab4371ddc62c.12597050566151.xml"/>
        </resource>
        <resource identifier="URN_X-WEBCT-VISTA-V0_af4ac3af-c0a8-334b-01ec-ab4371ddc62c.12596362890151" type="webct.manifest" webct:coType="webct.question" xsi:type="webct:ResourceType">
            <file href="X-WEBCT-VISTA-V0/af4ac3af-c0a8-334b-01ec-ab4371ddc62c.12596362890151.xml"/>
        </resource>
        <resource identifier="URN_X-WEBCT-VISTA-V0_af4ac3af-c0a8-334b-01ec-ab4371ddc62c.12596316982151" type="webct.manifest" webct:coType="webct.question" xsi:type="webct:ResourceType">
            <file href="X-WEBCT-VISTA-V0/af4ac3af-c0a8-334b-01ec-ab4371ddc62c.12596316982151.xml"/>
        </resource>
        <resource identifier="URN_X-WEBCT-VISTA-V0_af4ac3af-c0a8-334b-01ec-ab4371ddc62c.12596716321151" type="webct.manifest" webct:coType="webct.question" xsi:type="webct:ResourceType">
            <file href="X-WEBCT-VISTA-V0/af4ac3af-c0a8-334b-01ec-ab4371ddc62c.12596716321151.xml"/>
        </resource>
        <resource identifier="URN_X-WEBCT-VISTA-V0_af4ac3af-c0a8-334b-01ec-ab4371ddc62c.12597019429151" type="webct.manifest" webct:coType="webct.question" xsi:type="webct:ResourceType">
            <file href="X-WEBCT-VISTA-V0/af4ac3af-c0a8-334b-01ec-ab4371ddc62c.12597019429151.xml"/>
        </resource>
        <resource identifier="URN_X-WEBCT-VISTA-V0_af4ac3af-c0a8-334b-01ec-ab4371ddc62c.11666244933051" type="webct.manifest" webct:coType="webct.question" xsi:type="webct:ResourceType">
            <file href="X-WEBCT-VISTA-V0/af4ac3af-c0a8-334b-01ec-ab4371ddc62c.11666244933051.xml"/>
        </resource>
        <resource identifier="URN_X-WEBCT-VISTA-V0_af4ac3af-c0a8-334b-01ec-ab4371ddc62c.11666081336051" type="webct.manifest" webct:coType="webct.question" xsi:type="webct:ResourceType">
            <file href="X-WEBCT-VISTA-V0/af4ac3af-c0a8-334b-01ec-ab4371ddc62c.11666081336051.xml"/>
        </resource>
        <resource identifier="URN_X-WEBCT-VISTA-V0_af4ac3af-c0a8-334b-01ec-ab4371ddc62c.11666244776051" type="webct.manifest" webct:coType="webct.question" xsi:type="webct:ResourceType">
            <file href="X-WEBCT-VISTA-V0/af4ac3af-c0a8-334b-01ec-ab4371ddc62c.11666244776051.xml"/>
        </resource>
        <resource identifier="URN_X-WEBCT-VISTA-V0_af4ac3af-c0a8-334b-01ec-ab4371ddc62c.11662647143061" type="webct.manifest" webct:coType="webct.question" xsi:type="webct:ResourceType">
            <file href="X-WEBCT-VISTA-V0/af4ac3af-c0a8-334b-01ec-ab4371ddc62c.11662647143061.xml"/>
        </resource>
        <resource identifier="URN_X-WEBCT-VISTA-V0_af4ac3af-c0a8-334b-01ec-ab4371ddc62c.12086596845161" type="webct.manifest" webct:coType="webct.question" xsi:type="webct:ResourceType">
            <file href="X-WEBCT-VISTA-V0/af4ac3af-c0a8-334b-01ec-ab4371ddc62c.12086596845161.xml"/>
        </resource>
        <resource identifier="URN_X-WEBCT-VISTA-V0_af4ac3af-c0a8-334b-01ec-ab4371ddc62c.12086507691161" type="webct.manifest" webct:coType="webct.question" xsi:type="webct:ResourceType">
            <file href="X-WEBCT-VISTA-V0/af4ac3af-c0a8-334b-01ec-ab4371ddc62c.12086507691161.xml"/>
        </resource>
        <resource identifier="URN_X-WEBCT-VISTA-V0_af4ac3af-c0a8-334b-01ec-ab4371ddc62c.12086431244161" type="webct.manifest" webct:coType="webct.question" xsi:type="webct:ResourceType">
            <file href="X-WEBCT-VISTA-V0/af4ac3af-c0a8-334b-01ec-ab4371ddc62c.12086431244161.xml"/>
        </resource>
        <resource identifier="URN_X-WEBCT-VISTA-V0_af4ac3af-c0a8-334b-01ec-ab4371ddc62c.12086779391161" type="webct.manifest" webct:coType="webct.question" xsi:type="webct:ResourceType">
            <file href="X-WEBCT-VISTA-V0/af4ac3af-c0a8-334b-01ec-ab4371ddc62c.12086779391161.xml"/>
        </resource>
        <resource identifier="URN_X-WEBCT-VISTA-V0_af4ac3af-c0a8-334b-01ec-ab4371ddc62c.12086538943161" type="webct.manifest" webct:coType="webct.question" xsi:type="webct:ResourceType">
            <file href="X-WEBCT-VISTA-V0/af4ac3af-c0a8-334b-01ec-ab4371ddc62c.12086538943161.xml"/>
        </resource>
        <resource identifier="URN_X-WEBCT-VISTA-V0_af4ac3af-c0a8-334b-01ec-ab4371ddc62c.12086641360161" type="webct.manifest" webct:coType="webct.question" xsi:type="webct:ResourceType">
            <file href="X-WEBCT-VISTA-V0/af4ac3af-c0a8-334b-01ec-ab4371ddc62c.12086641360161.xml"/>
        </resource>
    </resources>
</manifest>
